재료,d2024,d2022,상관
exp68_multisplit,1.114850115288557,-0.14139017920078434,0.9534099583129043
exp63_handcnt,0.8757760789790403,-0.7819175769863129,0.9615708177412198
exp55_hand_seedavg,0.7659997975945076,-0.4121968384812602,0.9657347352059055
exp86_A_4ep_고정,0.7659997975945076,,0.9351458072706749
NN8ep_cos,0.7561222031021719,-0.13251111627698986,0.9139643306908385
exp86_B_8ep_코사인,0.7561222031021719,,0.8766297676600175
exp100_regime_transfer,0.7301326144903975,,0.9290700930070064
exp73_film,0.7082757320669986,-0.7154576416007474,0.9639090706443286
exp59_pbhand_seedavg,0.5009839409236827,-0.6781022452995167,0.960413046364716
exp74_hand_ep2,0.48774380735361333,-0.9632257330638438,0.9624595307350912
exp67_rankgauss,0.4723313962978759,-0.34302363552396464,0.9541831602635659
exp84_hand_big,0.4719661065855085,-0.6027881191944529,0.930305096315776
exp112_cat_sd,0.41649817433542236,1.2726377755900575,0.943825603375723
exp65_handcnt_seeds5,0.41562730771216305,0.02195991785636231,0.9682666157273531
exp72_tm_mean_mono,0.288157498143371,-1.3552049698217772,0.9572492737186363
exp58_hand_seeds5,0.2525049380336375,0.25911990499116744,0.9684476270177987
exp86_C_12ep_코사인,0.25034881652730157,,0.8207579210387489
exp66_batcnt,0.09301811267070637,-0.89551539536048,0.961050666721604
exp82_hand_hf,0.05370486055034096,-0.6282724083678248,0.9572458211049784
sean_v42,-0.005052166571206662,-0.7647622455114744,0.979046164675943
exp76_cattime100_s7,-0.1435231494456568,-0.6088864477837852,0.9618111769486337
exp61_V2,-0.15489006367774838,-0.3830940700472185,0.9584780582933354
exp110_sd_all,-0.18981304453491443,-0.06696151030605169,0.9757162218914303
TEAM_extratrees,-0.2033202079365637,-2.006980837226946,0.9543374172477636
exp53_nn_cnt_2024,-0.30672576941948027,,0.8451964074914471
exp110_sd_pit_bat,-0.3860986719089743,0.23939025068087094,0.977203514208811
exp50_nn_hand_2024,-0.4441118602344085,,0.8567659176387628
exp61_V1,-0.444282187950229,-1.21887722131786,0.9649966963036395
exp10_domain_te_scatter,-0.48479003663948195,-1.0449366101117352,0.9602021742841358
exp76_cat100_s7,-0.5068220967380244,0.23215963370348813,0.9601221014820888
exp61_V3,-0.5235798877817333,-0.9090098800207391,0.9637527010265298
exp38_nn_big_2024,-0.5433403776011758,,0.8159555927164196
exp62_hand_split,-0.5473293177765681,-1.4871472800437324,0.5742140282713439
exp14_catboost_chronological_2024,-0.5783193772562756,,0.8544034633308973
exp15_catboost_chronological,-0.5783193772562756,-1.1070156878234538,0.9347872209805438
exp71_mono_dedup,-0.5965602676794024,-1.6583300858463712,0.5830185940391774
exp72_league_role_mono,-0.6809372878696651,-1.1615471383230602,0.962631285627477
exp30_tuned_tm_mean,-0.6930344397082511,-0.6706022786268084,0.9702275650911757
exp08_tm_pitch_means,-0.7049365406491814,-0.43082377625125456,0.9630063105788844
exp72_league_role,-0.708742411170693,-1.9397534995135857,0.963985145711458
exp72_domain_mono,-0.7152284114908536,-1.694963662579596,0.9649984476544501
exp28_reg_domain,-0.816577425857834,-1.8393852617731854,0.9655933939458387
exp81_hf_hgb_domain,-0.8170202308394048,-2.4883324857144506,0.9702414519115146
exp72_tm_mean,-0.8353846300768186,-0.8919612416335987,0.9602458327044614
exp75_phys_2024,-0.8529655524752711,,0.9250421177941726
exp110_sd_pit,-0.887956156847558,-0.5617807935426322,0.9726851477167356
exp105_sd,-0.887956156847558,-0.5617807935426322,0.9726851477167356
exp30_tuned_domain,-0.8943191125460048,-1.6789860870003448,0.9730130412131222
exp28_reg_tm_mean,-0.90156900204863,-1.2999180755507433,0.9632850266821367
exp08_tm_expert_core,-0.9192735141660968,-1.033041736761553,0.962316149150604
exp30_tuned_league_role,-0.9632248267305021,-1.0762049347856628,0.9723803674981327
exp31_seedavg_domain,-0.9682335585237123,-1.609333776206312,0.9748843695085427
exp81_hf_tm_mean,-0.9748355095595684,-1.1003355653793623,0.9616498539570939
exp96_heuristic,-0.9846831040605242,-2.136165848473648,0.974000849045983
exp85_lgbm_hf,-1.0477283266641102,-1.8428490501765094,0.9738692206201537
exp07_hgb_trackman,-1.064535248682108,-0.8919612416335987,0.9607268892497676
exp42_abs_era,-1.067841821569826,-1.8264576305382363,0.9676582645654245
exp62_cur,-1.067841821569826,-1.8264576305382363,0.9676582645654245
exp75_base_2024,-1.067841821569826,,0.9327098576449839
exp72_domain,-1.067841821569826,-1.8264576305382363,0.9676582645654245
exp09_tm_league_role,-1.1084421932622268,-1.461528239046772,0.9635416963027007
exp22_seoyeon_interactions,-1.130126136061893,-1.7379507168874264,0.9669990837990815
exp11_decay_1.20,-1.1303514274141335,-1.4250154106332236,0.9638854666354955
exp28_reg_league_role,-1.1337714393461207,-0.7166145186199291,0.9649945563534313
exp11_decay_1.15,-1.1643100277597407,-2.462590512844476,0.9635026048194958
exp25_failure_decomp_2024,-1.176218958287567,,0.9259144353981258
exp80_hf_avg3,-1.1843791105942136,-2.1013195427854736,0.9738468082620431
exp90_base_avg3,-1.1843791105942136,-2.1013195427854736,0.9738468082620431
exp106_full,-1.1843791105942136,-2.1013195427854736,0.9738468082620431
exp103_base,-1.1843791105942136,-2.1013195427854736,0.9738468082620431
exp103b_sd,-1.1843791105942136,-2.1013195427854736,0.9738468082620431
exp103b_base,-1.1843791105942136,-2.1013195427854736,0.9738468082620431
exp105_base,-1.1843791105942136,-2.1013195427854736,0.9738468082620431
exp10_domain_scatter,-1.1897803288113407,-1.6169866357884644,0.9665218025322098
exp05_catboost_domain,-1.2206502238321093,-0.7679221622092225,0.9392839034751137
exp08_tm_role,-1.2238610994919075,-1.575469877002078,0.9644867242838443
exp80_base_avg3,-1.225466094140204,-1.8770880180957183,0.9702963655822491
exp10_domain_temporal_te,-1.237285906863228,-1.208287156073684,0.9601145626249104
exp81_hf_cat_time,-1.2441601400653424,-1.2422596838868039,0.9499549103626512
exp09_tm_league_combined,-1.277950484296353,-0.621850511911548,0.9523769177622544
exp90_lure_avg3,-1.2850911006945243,-2.077369016972863,0.9741478146547149
exp23_seoyeon_lgbm,-1.3027913756402665,-1.144246010365002,0.9734658111003818
exp103_sd,-1.304533372861738,-2.9993892049745563,0.9586104547002819
exp08_tm_pitch_stds,-1.3135599226110628,-1.1446280751947757,0.9640841835850674
exp11_decay_1.30,-1.336235266757857,-2.3627442676588117,0.9615575417094637
exp76_hgb_s7,-1.3460723685881915,-1.77539847699415,0.965813344205386
exp78_cat300_s7,-1.363489941952345,-0.7880032085266775,0.942769828212832
exp11_decay_1.05,-1.398048436543342,-1.758072251209497,0.9665599517381945
exp76_hgb_s2024,-1.4037046213721815,-2.1944738948648235,0.9669909332831893
exp04_hgb_domain,-1.4070484506384373,-1.8264576305382363,0.9669177514086457
exp81_hf_league_role,-1.4162914946797,-1.4955543191752518,0.9660146604886842
exp52_mc4_2024,-1.5551628192167488,,0.8641945526352192
exp106_core12,-1.6298572229095365,-1.8011092986325306,0.9184178148622064
exp61_base,-1.635325927465403,-1.8732466316478957,0.9669579434682494
exp79_cattime600,-1.6580880661365427,-1.862203280461605,0.9124215067426986
exp11_decay_1.10,-1.6672791033012224,-2.0967217908202107,0.9654761491218053
exp79_cat600,-1.7095305198527866,-0.2627127638182847,0.9154704740176636
exp78_cattime300_s7,-1.710163170551282,-1.5658347403968431,0.944381338600402
exp03_hgb_raw,-1.728536683415216,-1.7379578113402294,0.9532090267158984
exp60_recent3,-1.7302733728963293,-1.8264576305382363,0.9617264754235167
exp09_tm_league_pitch_means,-1.742053419784284,-0.6541121773451231,0.9529693795962885
exp37_nn_seedavg,-1.7574699563510654,-0.9686348497184305,0.95818065509707
exp36_nn,-1.7995943503462675,-2.205842963606819,0.9213207508831344
exp83_xgb_hf,-1.8040997430662786,-3.2836272576275416,0.9344469374603274
exp81_hf_cat_domain,-2.1098039086286935,-1.2648752589633494,0.9450905020446813
exp99_multitask,-2.1242530859943987,,0.873404832329225
exp62_L1,-2.1732275423597125,-2.7563201192543074,0.9416436582027513
exp05_catboost_raw,-2.1962106052875185,-1.306844593768064,0.9248545723838819
exp35_nn_2024,-2.268266643259964,,0.7583792824018568
exp62_L2,-2.6375137122253145,-3.9067466715836385,0.8923787041038926
exp106_core24,-2.7019316457710385,-2.1610713460601394,0.9427474088192642
exp06_lightgbm_domain,-2.8342574872747273,-1.4319060445910914,0.8637716844979295
exp60_recent2,-2.9924246735618665,-1.5536987595626828,0.9565746976848619
exp39_nn_noasof_2024,-3.5350276347601017,,0.6426388499240948
exp06_lightgbm_raw,-3.6915496434808404,-1.580925066216321,0.8528352563459012
